port_name,latitude,longitude
Port of Shanghai,31.2304,121.4737
Port of Abu Dhabi,24.4666666666667,54.3666666666667
Port of Ar Ruways,24.1166666666667,52.7333333333333
Port of Khor al Fakkan,25.3333333333333,56.35
Port of Mina Khalid,25.35,55.3666666666667
Port of Mina Khalifa/Abu Dhabi,24.8333333333333,54.6666666666667
Port of Umm al Qaiwain,25.5666666666667,55.55
Port of Saint John's,17.1166666666667,-61.85
Port of Bahia Blanca,-38.7166666666667,-62.2833333333333
Port of Buenos Aires,-34.5833333333333,-58.6666666666667
Port of Mar del Plata,-38.05,-57.5333333333333
Port of Puerto Deseado,-47.75,-65.9
Port of Puerto Madryn,-42.75,-65.0333333333333
Port of Rosario,-32.95,-60.65
Port of San Antonio Este,-40.8,-64.7333333333333
Port of Ushuaia,-54.8,-68.3
Port of Zarate,-34.1,-59.0333333333333
Port of Pago Pago,14.2666666666667,-170.7
Port of Adelaide,-34.9166666666667,138.583333333333
Port of Brisbane,-27.4666666666667,153.016666666667
Port of Darwin,-12.45,130.833333333333
Port of Melbourne,-37.8166666666667,144.966666666667
Port of Sydney,-33.85,151.2
Port of Barcadera,12.4833333333333,-69.9833333333333
Port of Chattogram,22.3333333333333,91.8333333333333
Port of Antwerpen,51.2166666666667,4.41666666666667
Port of Gent (Ghent),51.05,3.71666666666667
Port of Zeebrugge,51.3333333333333,3.2
Port of Mina Sulman Port,26.2,50.6166666666667
Port of Kralendijk,12.15,-68.2666666666667
Port of Itaguai,-22.8666666666667,-43.7666666666667
Port of Itapoa,-26.1166666666667,-48.6
Port of Navegantes,-26.9,-48.65
Port of Paranagua,-25.5166666666667,-48.5
Port of Pecem Pt/Sao Goncalo do Amarante,-3.53333333333333,-38.8666666666667
Port of Rio de Janeiro,-22.8833333333333,-43.2333333333333
Port of Santana Pt./Macapa,-0.05,-51.1666666666667
Port of Santos,-23.95,-46.3333333333333
Port of Sao Luis,-2.5,-44.3
Port of Vitoria Pt,-20.3166666666667,-40.3333333333333
Port of Nassau,25.0833333333333,-77.35
Port of Big Creek,16.5166666666667,-88.4
Port of Argentia,47.3,-54
Port of Saint-John,45.2666666666667,-66.0666666666667
Port of Saint-John's,47.5666666666667,-52.7333333333333
Port of Banana,-6.0036332669308,12.401211892732
Port of Pointe Noire,-4.8,11.85
Port of Abidjan,5.33333333333333,-4.01666666666667
Port of San-Pedro,4.73333333333333,-6.61666666666667
Port of Antofagasta,-23.6333333333333,-70.3833333333333
Port of Arica,-18.4833333333333,-70.3166666666667
Port of Coronel,-37.0166666666667,-73.15
Port of Iquique,-20.2166666666667,-70.1333333333333
Port of Lirquen,-36.7,-72.9833333333333
Port of Mejillones,-23.1,-70.45
Port of Puerto Angamos,-23.0833333333333,-70.45
Port of Punta Arenas,-53.1333333333333,-70.9333333333333
Port of San Antonio,-33.6,-71.6
Port of San Vicente,-36.7,-73.1333333333333
Port of Valparaiso,-33.0333333333333,-71.6333333333333
Port of Caofeidian Pt,38.95,118.533333333333
Port of DA CHAN BAY,22.5333333333333,113.866666666667
Port of Dongguan Pt,23.0333333333333,113.75
Port of Dongjiangkou,35.3088853315823,119.522539826183
Port of Fuqing,25.7166666666667,119.366666666667
Port of Huizhou Pt,23.0833333333333,114.366666666667
Port of Humen Pt,22.8333333333333,113.666666666667
Port of Jiangyin,25.4666666666667,119.3
Port of Jinzhou Pt,41.1166666666667,121.15
Port of Lianyungang,34.7166666666667,119.433333333333
Port of Nansha Pt,22.75,113.583333333333
Port of Nantong Pt,32.0166666666667,120.85
Port of Qinhuangdao Pt,39.9166666666667,119.583333333333
Port of Quanzhou Pt,24.9333333333333,118.6
Port of Rizhao Pt,35.3833333333333,119.533333333333
Port of Shekou Pt,22.4833333333333,113.916666666667
Port of Shidao Pt,36.8666666666667,122.433333333333
Port of Waihai,22.5833333333333,113.133333333333
Port of Weifang Pt,36.7166666666667,119.1
Port of Weihai,37.5166666666667,122.116666666667
Port of Yangpu Pt,19.7,109.2
Port of Yantian Pt,26.85,119.866666666667
Port of Yingkou Pt,40.65,122.216666666667
Port of Zhangjiagang,31.8666666666667,120.533333333333
Port of Zhangzhou Pt,24.5166666666667,117.65
Port of Zhuhai Pt,22.2833333333333,113.566666666667
Port of Leticia,-4.21666666666667,-69.9333333333333
Port of Tolu,9.53333333333333,-75.5833333333333
Port of Turbo,8.08333333333333,-76.7166666666667
Port of Caldera,9.95,-84.7166666666667
Port of Moin,10.0,-83.0833333333333
Port of Puerto Limon,10.0,-83.0333333333333
Port of Mariel,23.0,-82.75
Port of Mindelo,16.8833333333333,-25
Port of Willemstad,12.1,-68.9166666666667
Port of Flying Fish Cove,-10.4166666666667,105.716666666667
Port of Limassol,34.6833333333333,33.05
Port of Brake,53.3333333333333,8.48333333333333
Port of Cuxhaven,53.8833333333333,8.7
Port of Emden,53.3666666666667,7.21666666666667
Port of Kiel,54.3333333333333,10.1333333333333
Port of Rostock,54.0833333333333,12.1333333333333
Port of Wilhelmshaven,53.5166666666667,8.13333333333333
Port of Aarhus,56.15,10.2166666666667
Port of Kobenhavn,55.6666666666667,12.5833333333333
Port of Caucedo,18.4166666666667,-69.6333333333333
Port of Manzanillo,19.7,-71.75
Port of Alger (Algiers),36.75,3.05
Port of Arzew,35.8666666666667,-0.316666666666667
Port of Ghazaouet,35.1,-1.85
Port of Esmeraldas,0.983333333333333,-79.7
Port of Guayaquil,-2.16666666666667,-79.9
Port of Posorja,-2.7,-80.25
Port of Puerto Bolivar,-3.26666666666667,-79.9833333333333
Port of Kunda,59.5166666666667,26.5333333333333
Port of Muuga,59.5,24.9666666666667
Port of Paldiski,59.35,24.05
Port of Tallinn,59.4333333333333,24.7333333333333
Port of Dumyat (Damietta),31.4166666666667,31.8166666666667
Port of El Iskandariya (Alexandria),31.1833333333333,29.9166666666667
Port of Sokhna Port,29.65,32.35
Port of Massawa (Mitsiwa),15.6,39.45
Port of Almeria,36.8333333333333,-2.45
Port of Bilbao,43.25,-2.96666666666667
Port of Cartagena,37.6,-0.983333333333333
Port of Castellon de la Plana,39.9833333333333,-0.033333333333333
Port of Ferrol,43.4833333333333,-8.25
Port of Gijon,43.5333333333333,-5.66666666666667
Port of Lanzarote,28.9666666666667,-13.5333333333333
Port of Las Palmas de Gran Canaria,28.1,-15.4166666666667
Port of Malaga,36.7166666666667,-4.41666666666667
Port of Melilla,35.3166666666667,-2.88333333333333
Port of Sagunto,39.6833333333333,-0.266666666666667
Port of Santa Cruz de La Palma,28.6833333333333,-17.7666666666667
Port of Villagarcia de Arosa,42.6,-8.75
Port of Abo (Turku),60.45,22.2833333333333
Port of Turku (Abo),60.45,22.2833333333333
Port of Bjorneborg (Pori),61.4833333333333,21.8
Port of Pori (Bjorneborg),61.4833333333333,21.8
Port of Fredrikshamn (Hamina),60.5666666666667,27.2
Port of Hamina (Fredrikshamn),60.5666666666667,27.2
Port of Jakobstad (Pietarsaari),63.6833333333333,22.7833333333333
Port of Pietarsaari (Jakobstad),63.6833333333333,22.7833333333333
Port of Karleby (Kokkola),63.8333333333333,23.1166666666667
Port of Kokkola (Karleby),63.8333333333333,23.1166666666667
Port of Kemi/Tornea (Kemi/Tornio),65.7333333333333,24.5666666666667
Port of Kemi/Tornio (Kemi/Tornea),65.7333333333333,24.5666666666667
Port of Kotka,60.4666666666667,26.9166666666667
Port of Rauma (Raumo),61.1333333333333,21.5
Port of Raumo (Rauma),61.1333333333333,21.5
Port of Tornea (Tornio),65.85,24.1833333333333
Port of Tornio (Tornea),65.85,24.1833333333333
Port of Lautoka,-17.6166666666667,177.45
Port of Suva,-18.1333333333333,178.45
Port of Kollafjordur,62.1166666666667,-6.88333333333333
Port of Thorshavn,62.0166666666667,-6.76666666666667
Port of Bassens,44.9,-0.516666666666667
Port of Brest,48.4,-4.48333333333333
Port of Dunkerque,51.0333333333333,2.38333333333333
Port of Fos-sur-Mer,43.4333333333333,4.93333333333333
Port of la Pallice,46.1666666666667,-1.21666666666667
Port of La Rochelle,46.1666666666667,-1.15
Port of Le Havre,49.5,0.1
Port of Marseille,43.3,5.4
Port of Montoir-de-Bretagne,47.3333333333333,-2.15
Port of Port-Vendres,42.5166666666667,3.11666666666667
Port of Radicatel,49.5,0.5
Port of Rouen,49.45,1.1
Port of Sete,43.4,3.7
Port of Toulon,43.1166666666667,5.93333333333333
Port of Aberdeen,57.1333333333333,-2.1
Port of Belfast,54.9833333333333,-5.91666666666667
Port of Grangemouth,56.0,-3.71666666666667
Port of Greenock,55.9333333333333,-4.75
Port of Hull,53.7333333333333,-0.316666666666667
Port of Immingham,53.6,-0.216666666666667
Port of Liverpool,53.4166666666667,-3
Port of London Gateway Port,51.5,0.483333333333333
Port of Teesport,54.5833333333333,-1.15
Port of Tyne,55.0,-1.43333333333333
Port of Degrad des Cannes,4.85,-52.2666666666667
Port of Nuuk (Godthaab),64.1833333333333,-51.75
Port of Point-a-Pitre Apt,16.2666666666667,-61.5166666666667
Port of Heraklion (Iraklion),35.3333333333333,25.1666666666667
Port of Iraklion (Heraklion),35.3333333333333,25.1666666666667
Port of Piraeus,37.9333333333333,23.6166666666667
Port of Thessaloniki,40.6333333333333,22.95
Port of Volos,39.3666666666667,22.95
Port of Puerto Santo Tomas de Castilla,15.7,-88.6166666666667
Port of Piti,13.4333333333333,144.683333333333
Port of Bissau,11.85,-15.5833333333333
Port of Ploce,43.05,17.4333333333333
Port of Rijeka,45.3333333333333,14.4
Port of Split,43.5,16.45
Port of Cap-Haitien,19.75,-72.2
Port of Lafiteau,18.4833333333333,-72.4333333333333
Port of Balikpapan,-1.28333333333333,116.833333333333
Port of Batam Island,1.08333333333333,104.033333333333
Port of Benete,-8.86666666666667,116.716666666667
Port of Benoa,-8.76666666666667,115.216666666667
Port of Jakarta,-6.13333333333333,106.833333333333
Port of Jayapura,-2.53333333333333,140.7
Port of Kumai,-2.73333333333333,111.716666666667
Port of Makassar,-5.11666666666667,119.4
Port of Padang,-0.95,100.35
Port of Perawang,1.06666666666667,102.866666666667
Port of Semarang,-6.96666666666667,110.483333333333
Port of Surabaya,-7.23333333333333,112.75
Port of Tanjungpinang,0.916666666666667,104.45
Port of Timika,-4.75,136.55
Port of Tual,-5.63333333333333,132.733333333333
Port of Waterford,52.25,-7.1
Port of Haifa,32.8,34.9833333333333
Port of Chennai (ex Madras),13.0833333333333,80.2833333333333
Port of Cochin,9.96666666666667,76.2333333333333
Port of Hazira,21.0964104142813,72.6234355746467
Port of Kandla,23.0333333333333,70.2166666666667
Port of Kattupalli Port,13.3,80.3833333333333
Port of Kolkata (ex Calcutta),22.5666666666667,88.35
Port of Marmagao (Marmugao),15.4,73.7833333333333
Port of Marmugao (Marmagao),15.4,73.7833333333333
Port of Mumbai (ex Bombay),18.9666666666667,72.8166666666667
Port of Paradip Garh,20.3166666666667,86.6166666666667
Port of Pipavav (Victor) Port,20.9666666666667,71.55
Port of Tuticorin,8.78333333333333,78.1333333333333
Port of Visakhapatnam,17.7,83.3
Port of Umm Qasr Port,30.0333333333333,47.9333333333333
Port of Asaluyeh,27.4666666666667,52.6
Port of Bandar Abbas,27.1833333333333,56.2666666666667
Port of Bandar Khomeini,30.4333333333333,49.1
Port of Bushehr,28.9666666666667,50.8333333333333
Port of Reykjavik,64.15,-21.95
Port of Ancona,43.6333333333333,13.5
Port of Bari,41.1333333333333,16.85
Port of Cagliari,39.2166666666667,9.11666666666667
Port of Catania,37.5,15.1
Port of Civitavecchia,42.1,11.8
Port of Genova,44.4166666666667,8.95
Port of Gioia Tauro,38.4166666666667,15.9
Port of La Spezia,44.1166666666667,9.83333333333333
Port of Livorno,43.55,10.3166666666667
Port of Napoli,40.8333333333333,14.25
Port of Olbia,40.9166666666667,9.51666666666667
Port of Palermo,38.1166666666667,13.3666666666667
Port of Savona,44.2833333333333,8.5
Port of Trapani,38.0166666666667,12.4833333333333
Port of Vado Ligure,44.2666666666667,8.45
Port of Venezia,45.4333333333333,12.3333333333333
Port of Al 'Aqabah,29.5333333333333,35.0
Port of Hakata,34.1833333333333,133.1
Port of Isa,32.05,130.6
Port of Kitakyushu,33.8333333333333,130.833333333333
Port of Kobe,34.6833333333333,135.166666666667
Port of Mitajiri,34.0333333333333,131.583333333333
Port of Moji/Kitakyushu,33.9,130.966666666667
Port of Osaka,34.6666666666667,135.5
Port of Satsumasendai,31.8166666666667,130.25
Port of Tokyo,35.6833333333333,139.75
Port of Yokohama,35.45,139.65
Port of Kampong Saom,10.6,103.516666666667
Port of Mutsamudu,-12.15,44.3833333333333
Port of Charlestown,17.1333333333333,-62.6166666666667
Port of Busan,35.1333333333333,129.05
Port of Daesan/Seosan,37.0,126.366666666667
Port of Dangjin,36.9666666666667,126.783333333333
Port of Gunsan,35.9833333333333,126.716666666667
Port of Gwangyang,34.9333333333333,127.7
Port of Incheon,37.45,126.616666666667
Port of Masan,35.2,128.566666666667
Port of Mokpo,34.8,126.383333333333
Port of Pohang,36.0333333333333,129.366666666667
Port of Pyeongtaek,36.9666666666667,127.1
Port of Ulsan,35.5333333333333,129.316666666667
Port of Shuaiba,29.0333333333333,48.1333333333333
Port of Shuwaikh,29.35,47.9333333333333
Port of Georgetown,19.3,-81.3833333333333
Port of Beirut,33.8333333333333,35.4833333333333
Port of Castries,14.0166666666667,-60.9666666666667
Port of Colombo,6.91666666666667,79.85
Port of Monrovia,6.3,-10.8
Port of Al Khums,32.65,14.2666666666667
Port of Casablanca,33.5833333333333,-7.6
Port of Giurgiulesti,45.4666666666667,28.1833333333333
Port of Bar,42.0833333333333,19.0833333333333
Port of Ehoala,-25.0666666666667,46.95
Port of Nosy-Be,-13.3333333333333,48.25
Port of Majuro,7.1,171.383333333333
Port of Thilawa,16.65,96.25
Port of Thilawa,16.65,96.25
Port of Marsaxlokk,35.8333333333333,14.5333333333333
Port of Port Mathurin,-19.6833333333333,63.4166666666667
Port of Male,4.16666666666667,73.5
Port of Altamira,22.4,-97.9166666666667
Port of Coatzacoalcos,18.1333333333333,-94.4
Port of Ensenada,31.85,-116.6
Port of Guaymas,27.9166666666667,-110.883333333333
Port of Lazaro Cardenas,17.95,-102.183333333333
Port of Manzanillo,19.05,-104.3
Port of Mazatlan,23.4,-106.4
Port of Paraiso,18.1833333333333,-92.2
Port of Puerto Madero,14.7166666666667,-92.4166666666667
Port of Puerto Morelos,20.8333333333333,-86.8666666666667
Port of Tampico,22.25,-97.8666666666667
Port of Tuxpan,20.95,-97.4
Port of Veracruz,19.2,-96.0833333333333
Port of Penang (Georgetown),5.41666666666667,100.316666666667
Port of Port Klang (Pelabuhan Klang),3.0,101.4
Port of Tanjung Pelepas,1.36666666666667,103.55
Port of Luderitz,-26.65,15.1666666666667
Port of Noumea,-22.2666666666667,166.45
Port of Noumea,-22.2666666666667,166.45
Port of Lekki,6.45,3.1
Port of Onne,4.71666666666667,7.15
Port of Rama,12.15,-84.2166666666667
Port of Amsterdam,52.4,4.81666666666667
Port of Botlek,51.8833333333333,4.28333333333333
Port of IJmuiden/Velsen,52.4666666666667,4.6
Port of Moerdijk,51.6833333333333,4.56666666666667
Port of Rotterdam,51.9166666666667,4.5
Port of Terneuzen,51.4666666666667,3.81666666666667
Port of Vlissingen,51.45,3.7
Port of Alesund,62.4666666666667,6.15
Port of Ardalstangen,61.2333333333333,7.7
Port of Averoy,63.05,7.66666666666667
Port of Bergen,60.3833333333333,5.31666666666667
Port of Bodo,67.2833333333333,14.3666666666667
Port of Brevik,59.05,9.7
Port of Drammen,59.7333333333333,10.2333333333333
Port of Egersund,58.45,6.0
Port of Floro,61.6,5.01666666666667
Port of Fredrikstad,59.2,10.9166666666667
Port of Fusa,60.2,5.61666666666667
Port of Glomfjord,66.8,13.9333333333333
Port of Hammerfest,70.65,23.6666666666667
Port of Harstad,68.7833333333333,16.5333333333333
Port of Haugesund,59.4,5.25
Port of Havik,59.3,5.31666666666667
Port of Holla,59.6,9.18333333333333
Port of Hoyanger,61.2166666666667,6.05
Port of Husoy - Tonsberg,59.2333333333333,10.45
Port of Ikornnes,62.3833333333333,6.55
Port of Kristiansand,58.1333333333333,7.98333333333333
Port of Larvik,59.0333333333333,10.0166666666667
Port of Maloy,61.9333333333333,5.1
Port of Molde,62.7333333333333,7.15
Port of Mosjoen,65.8333333333333,13.2
Port of Moss,59.4166666666667,10.65
Port of Odda,60.0666666666667,6.53333333333333
Port of Orkanger,63.3166666666667,9.83333333333333
Port of Oslo,59.9,10.7333333333333
Port of Salten,67.3666666666667,15.5833333333333
Port of Stavanger,58.9666666666667,5.75
Port of Stokmarknes,68.5666666666667,14.9
Port of Sunndalsora,62.6666666666667,8.55
Port of Svelgen,61.7666666666667,5.28333333333333
Port of Svolvar,68.2166666666667,14.55
Port of Tananger,58.9166666666667,5.58333333333333
Port of Tromso,69.6666666666667,18.9666666666667
Port of Trondheim,63.4333333333333,10.4
Port of Nauru Island,-0.55,166.916666666667
Port of Auckland,-36.8333333333333,174.8
Port of Bluff,-46.6,168.316666666667
Port of Lyttelton,-43.6,172.716666666667
Port of Marsden Point,-35.8333333333333,174.5
Port of Napier,-39.4666666666667,176.9
Port of Nelson,-41.25,173.266666666667
Port of Port Chalmers,-45.8166666666667,170.6
Port of Tauranga,-37.6833333333333,176.166666666667
Port of Timaru,-44.3833333333333,171.25
Port of Wellington,-41.2666666666667,174.783333333333
Port of Colon,9.35,-79.8666666666667
Port of Cristobal,9.35,-79.9
Port of Panama,8.96666666666667,-79.5333333333333
Port of Rodman,8.95,-79.5666666666667
Port of Bora Bora,-16.45,-151.75
Port of Papeete,-17.55,-149.616666666667
Port of Madang,-5.21666666666667,145.783333333333
Port of Motukea Island,-9.43333333333333,147.1
Port of Batangas/Luzon,13.75,121.05
Port of General Santos,6.11666666666667,125.15
Port of Tagoloan,8.53333333333333,124.75
Port of Gdynia,54.5,18.55
Port of Swinoujscie,53.9,14.25
Port of San Juan,18.45,-66.0833333333333
Port of Canical,32.7333333333333,-16.7333333333333
Port of Figueira da Foz,40.15,-8.86666666666667
Port of Horta,38.5333333333333,-28.6333333333333
Port of Leixoes,41.1833333333333,-8.68333333333333
Port of Lisboa,38.7166666666667,-9.13333333333333
Port of Pico,41.6833333333333,-8.41666666666667
Port of Ponta Delgada,37.7333333333333,-25.6666666666667
Port of Porto Santo Island,33.0666666666667,-16.3333333333333
Port of Praia da Graciosa,39.05,-27.9666666666667
Port of Praia da Vitoria,38.7333333333333,-27.0666666666667
Port of Santa Cruz das Flores,39.45,-31.1166666666667
Port of Setubal,38.5333333333333,-8.9
Port of Sines,37.95,-8.86666666666667
Port of Velas,38.6833333333333,-28.2166666666667
Port of Vila do Porto,36.9333333333333,-25.15
Port of Asuncion,-25.2666666666667,-57.6666666666667
Port of BGN/PCGN1956 - HAMAD,25.0,51.6166666666667
Port of Mesaieed,25.6333333333333,51.9166666666667
Port of Constanta,44.1833333333333,28.65
Port of Lomonosov,59.9,29.7333333333333
Port of Novorossiysk,44.7166666666667,37.7666666666667
Port of Saint Petersburg (ex Leningrad),59.8833333333333,30.25
Port of Ust'-Luga,59.6666666666667,28.3166666666667
Port of Vostochnyy Port,42.7666666666667,133.05
Port of Zarubino,42.6166666666667,131.083333333333
Port of Ad Dammam,26.4166666666667,50.1
Port of Jeddah,21.5333333333333,39.1666666666667
Port of King Abdullah City,22.4,39.0833333333333
Port of Yanbu al-Bahr,24.0833333333333,38.0333333333333
Port of Ahus,55.9166666666667,14.2833333333333
Port of Gavle,60.6666666666667,17.1666666666667
Port of Goteborg,57.7166666666667,11.9666666666667
Port of Halmstad,56.6666666666667,12.85
Port of Karlstad,59.3666666666667,13.5
Port of Norrkoping,58.6,16.1833333333333
Port of Oskarshamn,57.2666666666667,16.4333333333333
Port of Oxelosund,58.6666666666667,17.1
Port of Pitea,65.3333333333333,21.5
Port of Sodertalje,59.2,17.6166666666667
Port of Stockholm,59.3333333333333,18.05
Port of Sundsvall,62.3833333333333,17.3
Port of Umea,63.8333333333333,20.25
Port of Vasteras,59.6166666666667,16.55
Port of Latakia,35.5166666666667,35.7833333333333
Port of Tartus,34.9,35.9
Port of Bangkok,13.75,100.516666666667
Port of Laem Chabang,13.0833333333333,100.883333333333
Port of Phuket International Apt,8.11666666666667,98.3166666666667
Port of Sahathai Coastal Seaport,13.65,100.533333333333
Port of Dili,-8.55,125.566666666667
Port of Nuku'alofa,-21.1333333333333,-175.2
Port of Ambarli,41.0333333333333,39.1666666666667
Port of Antalya,36.8333333333333,30.6
Port of Bandirma,40.35,27.9666666666667
Port of Eregli,37.5,34.05
Port of Evyap Port /Kocaeli,40.7666666666667,29.7
Port of Gebze,40.7833333333333,29.4166666666667
Port of Gemlik,40.4166666666667,29.15
Port of Iskenderun,36.5833333333333,36.1666666666667
Port of Izmir,38.4166666666667,27.15
Port of Izmit,40.7833333333333,29.95
Port of Kumport,40.95,28.8166666666667
Port of Limas,38.75,26.9166666666667
Port of Mardas,41.0166666666667,28.95
Port of Mersin,36.7166666666667,34.6333333333333
Port of Samsun,41.2833333333333,36.3333333333333
Port of Tekirdag,40.9666666666667,27.5166666666667
Port of Trabzon,41.0,39.7333333333333
Port of Yilport,40.7666666666667,29.5333333333333
Port of Port-of-Spain,10.65,-61.5166666666667
Port of Port-of-Spain,10.65,-61.5166666666667
Port of Taipei,25.0333333333333,121.516666666667
Port of Dar es Salaam,-6.8,39.2833333333333
Port of Chornomorsk,46.3166666666667,30.6666666666667
Port of Odesa,46.5,30.75
Port of Yuzhnyi,46.6,31.0166666666667
Port of Baltimore,39.2833333333333,-76.6166666666667
Port of Chester,43.2666666666667,-72.5833333333333
Port of Eastport,44.918963897792,-67.0004603662156
Port of Fernandina Beach,30.6666666666667,-81.45
Port of Gulfport,30.3781564577398,-89.0849062203229
Port of Honolulu,21.3,-157.85
Port of Houston,61.6333333333333,-149.816666666667
Port of Long Beach,33.7666666666667,-118.183333333333
Port of New York,40.7,-74
Port of Norfolk,42.0,-73.2
Port of Oakland,37.9329047958214,-122.22025462963
Port of Philadelphia,44.15,-75.7166666666667
Port of Port Everglades,26.1,-80.1333333333333
Port of Port Hueneme,34.1333333333333,-119.183333333333
Port of Port Manatee,27.6333333333333,-82.55
Port of San Diego,32.7,-117.15
Port of Stockton,37.95,-121.283333333333
Port of Wilmington,34.2166666666667,-77.9333333333333
Port of Punta Pereyra,-34.2333333333333,-58.0666666666667
Port of Kingstown,13.1333333333333,-61.2166666666667
Port of Palua,8.35,-62.6666666666667
Port of Christiansted,17.75,-64.75
Port of Chu Lai,15.4,108.7
Port of Da Nang,16.0666666666667,108.216666666667
Port of Ho Chi Minh City,10.7666666666667,106.666666666667
Port of Nghi Son,19.3333333333333,105.833333333333
Port of Qui Nhon,13.7666666666667,109.216666666667
Port of Vung Tau,10.35,107.066666666667
Port of Vele Futuna I. Apt,-14.3166666666667,-178.083333333333
Port of Longoni,-12.7166666666667,45.1666666666667
Port of Cape Town,-33.9166666666667,18.4166666666667
Port of Coega,-33.7666666666667,25.6666666666667
Port of Durban,-29.85,31.0166666666667
Port of Ajman,25.40177,55.47878
Port of Jebel Ali,25.00255,55.10811
Port of Anguilla,18.17648,-63.09375
Port of Durres,41.32355,19.45469
Port of Durres,41.32355,19.45469
Port of Cabinda,-5.55,12.2
Port of Lobito,-12.3644,13.53601
Port of Luanda,-8.83682,13.23432
Port of Malongo,-5.39640648185245,12.1980217978395
Port of Namibe,-15.19611,12.15222
Port of Soyo,-6.1349,12.36894
Port of Bell Bay,-41.13,146.87
Port of Burnie,-41.05584,145.90375
Port of Cairns,-16.92366,145.76613
Port of Dampier,-20.66275,116.71256
Port of Devonport,-41.17695,146.35152
Port of Fremantle,-32.05632,115.74557
Port of Geelong,-38.14711,144.36069
Port of Newcastle,-32.92953,151.7801
Port of Port Botany,-33.97447,151.22277
Port of Port Kembla,-34.4818,150.9012
Port of Townsville,-19.26639,146.80569
Port of Weipa,-12.62346,141.87883
Port of Oranjestad,12.52398,-70.02703
Port of Bridgetown,13.10732,-59.62021
Port of Mongla,22.47223,89.61095
Port of Burgas,42.50606,27.46781
Port of Varna,43.21667,27.91667
Port of Cotonou,6.36536,2.41833
Port of Hamilton,32.2949,-64.78303
Port of Fortaleza,-3.71722,-38.54306
Port of Ilheus,-14.79364,-39.03949
Port of Imbituba,-28.24,-48.67028
Port of Itajai,-26.90778,-48.66194
Port of Manaus,-3.10194,-60.025
Port of Natal,-5.795,-35.20944
Port of Rio Grande,-22.90642,-43.18223
Port of Salvador,-12.97111,-38.51083
Port of Suape,-12.74083,-38.62083
Port of Belize City,17.49952,-88.19756
Port of Halifax,44.6464,-63.57291
Port of Montreal,45.50884,-73.58781
Port of New Westminster,49.20678,-122.91092
Port of Prince Rupert,54.31507,-130.32098
Port of Squamish,50.11817,-122.95396
Port of Toronto,43.70011,-79.4163
Port of Vancouver,49.24966,-123.11934
Port of Aitutaki,-18.85195,-159.79293
Port of Rarotonga,-21.2075,-159.77545
Port of Douala,4.04827,9.70428
Port of Kribi,2.93725,9.90765
Port of Barranquilla,10.96854,-74.78132
Port of Buenaventura,3.8801,-77.03116
Port of Cartagena,10.39972,-75.51444
Port of Santa Marta,11.24079,-74.19904
Port of Moa,20.65776,-74.95075
Port of Santiago de Cuba,20.02083,-75.82667
Port of Palmeira,16.75754,-22.98348
Port of Praia,14.93152,-23.51254
Port of Sal Rei,16.17611,-22.91722
Port of Bremen,53.07582,8.80717
Port of Bremerhaven,53.53615,8.59298
Port of Hamburg,53.55073,9.99302
Port of Lubeck,53.86893,10.68729
Port of Travemunde,53.96304,10.8709
Port of Djibouti,11.58901,43.14503
Port of Aalborg,57.048,9.9187
Port of Esbjerg,55.47028,8.45187
Port of Fredericia,55.56568,9.75257
Port of Grenaa,56.41578,10.87825
Port of Hundested,55.96397,11.85044
Port of Skagen,57.72093,10.58394
Port of Roseau,15.30174,-61.38808
Port of Boca Chica,18.45,-69.6
Port of Puerto Plata,19.79344,-70.6884
Port of Mostaganem,35.93115,0.08918
Port of Oran,35.69906,-0.63588
Port of El Dekheila,31.13133,29.82126
Port of Port Said,31.26531,32.3019
Port of Algeciras,36.13326,-5.45051
Port of Alicante,38.34517,-0.48149
Port of Barcelona,41.38879,2.15899
Port of Cadiz,36.52672,-6.2891
Port of Ceuta,35.88919,-5.32042
Port of Huelva,37.26638,-6.94004
Port of Puerto del Rosario-Fuerteventura,28.50038,-13.86272
Port of Santa Cruz de Tenerife,28.46824,-16.25462
Port of Santander,43.46472,-3.80444
Port of Sevilla,37.38283,-5.97317
Port of Tarragona,41.11667,1.25
Port of Valencia,39.46975,-0.37739
Port of Vigo,42.23282,-8.72264
Port of Hango (Hanko),59.83333,22.95
Port of Hanko (Hango),59.83333,22.95
Port of Helsingfors (Helsinki),60.16952,24.93545
Port of Helsinki (Helsingfors),60.16952,24.93545
Port of Valko (Valkom),60.41392,26.24664
Port of Valkom (Valko),60.41392,26.24664
Port of Libreville,0.39241,9.45356
Port of Port Gentil,-0.71933,8.78151
Port of Blyth,55.12708,-1.50856
Port of Bristol,51.45523,-2.59665
Port of Dover,51.12598,1.31257
Port of Felixstowe,51.96375,1.3511
Port of Fowey,50.33634,-4.6386
Port of Harwich,51.94194,1.28437
Port of Poole,50.71429,-1.98458
Port of Portsmouth,50.79899,-1.09125
Port of Scrabster,58.61277,-3.54627
Port of Sheerness,51.44042,0.76252
Port of Southampton,50.90395,-1.40428
Port of Tilbury,51.46248,0.35856
Port of Saint George's,12.05288,-61.75226
Port of Batumi,41.64228,41.63392
Port of Poti,42.14272,41.67384
Port of Takoradi,4.89816,-1.76029
Port of Tema,5.6698,-0.01657
Port of Gibraltar,36.14474,-5.35257
Port of Sisimiut (Holsteinsborg),66.93946,-53.6735
Port of Banjul,13.45274,-16.57803
Port of Conakry,9.53795,-13.67729
Port of Bata,1.86391,9.76582
Port of Malabo,3.75578,8.78166
Port of Puerto Barrios,15.72778,-88.59444
Port of Georgetown,6.80448,-58.15527
Port of Hong Kong,22.27832,114.17469
Port of Puerto Castilla,16.01667,-85.96667
Port of Puerto Cortes,15.82562,-87.92968
Port of San Lorenzo,13.42417,-87.44722
Port of Port-au-Prince,18.54349,-72.33881
Port of Banjarmasin,-3.31987,114.59075
Port of Belawan,3.7755,98.6832
Port of Bitung,1.44059,125.12824
Port of Gorontalo,-0.8985,123.3908
Port of Kendari,-3.9778,122.51507
Port of Luwuk,-0.9516,122.7875
Port of Medan,3.58333,98.66667
Port of Palembang,-2.91673,104.7458
Port of Panjang,0.3087,100.6199
Port of Pontianak,-0.03194,109.325
Port of Samarinda,-0.49167,117.14583
Port of Sorong,-0.87956,131.26104
Port of Tarakan,3.31332,117.59152
Port of Tolitoli,1.2718,121.1679
Port of Cork,51.89797,-8.47061
Port of Dublin,53.33306,-6.24889
Port of Ashdod-Tel Aviv,31.79213,34.64966
Port of Ennore,13.24751,80.32835
Port of Haldia,22.06046,88.10975
Port of Krishnapatnam,14.28874,80.12388
Port of Mangalore,12.91723,74.85603
Port of Mundra,22.83918,69.7219
Port of Port Blair,11.66613,92.74635
Port of Abu Al Fulus,30.44783,48.04246
Port of Basra,30.50852,47.7804
Port of Grundarfjordur,64.92427,-23.26313
Port of Reydarfjordur,65.03164,-14.21832
Port of Marina di Carrara,44.03837,10.04142
Port of Monfalcone,45.80463,13.53292
Port of Pozzuoli,40.84394,14.0952
Port of Ravenna,44.41344,12.20121
Port of Salerno,40.67545,14.79328
Port of Trieste,45.64953,13.77678
Port of Kingston,17.99702,-76.79358
Port of Montego Bay,18.47116,-77.91883
Port of Aburatsu,44.02127,144.26971
Port of Akita,39.71667,140.11667
Port of Chiba,35.6,140.11667
Port of Fukuyama,34.48333,133.36667
Port of Hachinohe,40.5,141.5
Port of Hiroshima,34.4,132.45
Port of Hitachi,36.6,140.65
Port of Hososhima,32.43333,131.66667
Port of Imabari,34.07001,133.00023
Port of Imari,33.27362,129.87877
Port of Iwakuni,34.16297,132.22
Port of Kanazawa,36.6,136.61667
Port of Kashima,35.96536,140.64474
Port of Kawasaki,35.52056,139.71722
Port of Kochi,33.55,133.53333
Port of Kumamoto,32.80589,130.69181
Port of Maizuru,35.45,135.33333
Port of Matsuyama,33.83916,132.76574
Port of Miike,33.05207,130.47791
Port of Mizushima,34.5298,133.73896
Port of Muroran,42.31722,140.98806
Port of Nagasaki,32.75,129.88333
Port of Nagoya,35.18147,136.90641
Port of Naha,26.21667,127.68333
Port of Naoetsu,37.18333,138.25
Port of Niigata,37.88637,139.00589
Port of Oita,33.23333,131.6
Port of Omaezaki,34.59882,138.21934
Port of Onahama,36.95,140.9
Port of Otake,34.20754,132.22063
Port of Otaru,43.18944,141.00222
Port of Sakaiminato,35.53774,133.23094
Port of Sakata,38.91667,139.855
Port of Shibushi,31.476,131.10114
Port of Shimizu,43.00611,142.88472
Port of Takamatsu,34.33333,134.05
Port of Tokushima,34.06667,134.56667
Port of Tokuyama,34.05,131.81667
Port of Tomakomai,42.63694,141.60333
Port of Toyohashi,34.76667,137.38333
Port of Tsuruga,35.64547,136.0558
Port of Ube,33.94306,131.25111
Port of Wakayama,34.23333,135.16667
Port of Yatsushiro,32.50439,130.59952
Port of Yokkaichi,34.96667,136.61667
Port of Mombasa,-4.05466,39.66359
Port of Tarawa,1.3278,172.97696
Port of Moroni,-11.70216,43.25506
Port of Tripoli,34.43352,35.84415
Port of Klaipeda,55.7068,21.13912
Port of Riga,56.946,24.10589
Port of Bingazi (Benghazi),32.11486,20.06859
Port of Misurata,32.37535,15.09254
Port of Tripoli,32.88743,13.18733
Port of Agadir,30.42018,-9.59815
Port of Nador,35.16813,-2.93352
Port of Tanger Med,35.82674,-5.56323
Port of Antsiranana,-12.31732,49.29188
Port of Majunga (Mahajanga),-15.71667,46.31667
Port of Tamatave (Toamasina),-18.1492,49.40234
Port of Tulear (Toliara),-23.35,43.66667
Port of Kwajalein,8.77479,167.73919
Port of Yangon,16.80528,96.15611
Port of Yangon,16.80528,96.15611
Port of Fort-de-France,14.60365,-61.07418
Port of Nouadhibou,20.94188,-17.03842
Port of Nouakchott,18.08581,-15.9785
Port of Plymouth,16.70555,-62.21292
Port of Port Louis,-20.16194,57.49889
Port of Bintulu,3.16667,113.03333
Port of Kota Kinabalu,5.9749,116.0724
Port of Kuching,1.55,110.33333
Port of Labuan,5.28883,115.26924
Port of Malacca,2.196,102.2405
Port of Pasir Gudang,1.4726,103.878
Port of Sandakan,5.8402,118.1179
Port of Sibu,2.3,111.81667
Port of Tawau,4.24482,117.89115
Port of Beira,-19.84361,34.83889
Port of Maputo,-25.96553,32.58322
Port of Nacala,-14.56257,40.68538
Port of Quelimane,-17.87861,36.88833
Port of Walvis Bay,-22.9575,14.50528
Port of Apapa,6.4488,3.35901
Port of Calabar,4.95893,8.32695
Port of Lagos,6.45407,3.39467
Port of Port Harcourt,4.77742,7.0134
Port of Corinto,12.4825,-87.17304
Port of Gjemnes,62.89225,8.08604
Port of Salalah,17.01505,54.09237
Port of Sohar,24.34745,56.70937
Port of Almirante,9.30091,-82.4018
Port of Balboa,8.94814,-79.56672
Port of Coco Solo,9.37091,-79.88168
Port of Manzanillo,7.53667,-81.16667
Port of Callao,-12.05659,-77.11814
Port of Ilo,-17.63185,-71.34108
Port of Iquitos,-3.74912,-73.25383
Port of Matarani,-16.99639,-72.10563
Port of Paita,-5.08917,-81.11444
Port of Pisco,-13.71029,-76.20538
Port of Alotau,-10.31509,150.45742
Port of Buka,-5.43261,154.67098
Port of Kimbe,-5.55085,150.13766
Port of Lae,-6.72333,146.99611
Port of Port Moresby,-9.47723,147.15089
Port of Rabaul,-4.20037,152.16297
Port of Wewak,-3.54964,143.63229
Port of Bacolod,10.66667,122.95
Port of Cagayan de Oro,8.48222,124.64722
Port of Cebu,10.31672,123.89071
Port of Cotabato,7.22361,124.24639
Port of Dumaguete,9.30722,123.30261
Port of Manila,14.6042,120.9822
Port of Ozamis,8.1481,123.8405
Port of Polloc,7.3534,124.22088
Port of Puerto Princesa,9.73917,118.73528
Port of Subic Bay,14.78899,120.27987
Port of Tagbilaran,9.65556,123.85219
Port of Zamboanga,6.91028,122.07389
Port of Gwadar,25.12163,62.32541
Port of Karachi,24.8608,67.0104
Port of Gdansk,54.35227,18.64912
Port of Szczecin,53.42894,14.55302
Port of Koror,7.33978,134.47326
Port of Arkhangelsk,64.5401,40.5433
Port of Dudinka,69.40583,86.17778
Port of Kaliningrad,54.70649,20.51095
Port of Korsakov,46.6342,142.77722
Port of Magadan,59.5638,150.80347
Port of Petropavlovsk-Kamchatskiy,53.04444,158.65076
Port of Vladivostok,43.10562,131.87353
Port of Jubail,27.0174,49.62251
Port of Port Victoria,-4.62001,55.45501
Port of Port Sudan,19.61745,37.21644
Port of Helsingborg,56.04673,12.69437
Port of Varberg,57.10557,12.25078
Port of Singapore,1.28967,103.85007
Port of Koper,45.54694,13.72944
Port of Freetown,8.48714,-13.2356
Port of Dakar,14.6937,-17.44406
Port of Berbera,10.43959,45.01432
Port of Kismayu,-0.35817,42.54536
Port of Mogadishu,2.03711,45.34375
Port of Paramaribo,5.86638,-55.16682
Port of Paramaribo,5.86638,-55.16682
Port of Acajutla,13.59278,-89.8275
Port of San Salvador,13.68935,-89.18718
Port of Lome,6.12874,1.22154
Port of Sriracha,13.17372,100.93111
Port of Bizerte,37.27442,9.87391
Port of Sfax,34.74056,10.76028
Port of Sousse,35.82539,10.63699
Port of Tunis,36.81897,10.16579
Port of Aliaga,38.79975,26.97203
Port of Derince,40.75694,29.81472
Port of Haydarpasa,40.99596,29.02459
Port of Yarimca,39.08361,31.14194
Port of Anchorage,61.21806,-149.90028
Port of Beaumont,30.08605,-94.10185
Port of Boston,42.35843,-71.05977
Port of Brunswick,40.48622,-74.45182
Port of Camden,39.92595,-75.11962
Port of Charleston,32.785017342563,-79.9244266752731
Port of Cleveland,41.4995,-81.69541
Port of Corpus Christi,27.80058,-97.39638
Port of Dutch Harbor,53.8898,-166.5422
Port of Everett,47.97898,-122.20208
Port of Freeport,43.85702,-70.10311
Port of Galveston,29.30135,-94.7977
Port of Gloucester City,42.61405,-70.66313
Port of Jacksonville,30.33218,-81.65565
Port of Kodiak,57.78852,-152.40533
Port of Los Angeles,34.05223,-118.24368
Port of Miami,25.77427,-80.19366
Port of Mobile,30.69436,-88.04305
Port of Morehead City,34.72294,-76.72604
Port of New Orleans,29.95465,-90.07507
Port of Panama City,30.15946,-85.65983
Port of Portland,45.52345,-122.67621
Port of Portland,45.52345,-122.67621
Port of Savannah,32.08354,-81.09983
Port of Seattle,47.60621,-122.33207
Port of Tacoma,47.25288,-122.44429
Port of Tampa,27.94752,-82.45843
Port of Vancouver,45.63873,-122.66149
Port of West Palm Beach,26.71534,-80.05337
Port of Wilmington,39.74595,-75.54659
Port of Montevideo,-34.90328,-56.18816
Port of Saint Thomas,18.3419,-64.9307
Port of Haiphong,20.86481,106.68345
Port of Port Vila,-17.73648,168.31366
Port of Santo,-15.51989,167.16235
Port of Apia,-13.83333,-171.76666
Port of Aden,12.77944,45.03667
Port of Mukalla,14.54248,49.12424
Port of East London,-33.01529,27.91162
Port of Port Elizabeth,-33.96109,25.61494
Port of Richards Bay,-28.78301,32.03768
Port of Bastia,42.69811230218545, 9.456459311785457
